Name;Age;Is_Married;Height;Weight;Score
Bob;35;true;180.199997;75.099998;78.199997
David;40;true;172.800003;70.199997;88.500000
Frank;32;true;178.500000;72.099998;82.099998
Grace;38;false;170.199997;65.500000;89.199997
Ivan;45;false;182.100006;80.500000;79.099998
